website_url,text,url,allowed
,,https://www.itravel.de/,False
,,https://www.zoonodeutschland.com/,False
,,https://kunveno.de,False
,Scraping not allowed,https://text2knowledge.de,True
,Scraping not allowed,https://www.scopas.io/,True
,"
 
 
 
 
 Studymaniac - erfolgreich Studieren 
 
 
 
 
 
 
 
 
 
 
 
 
 
 
 
 
 
 
 
 
 Dein Partner f√ºr ein 
 erfolgreiches Studium 
 
 
                    Qualitativ hochwertige Kurse, die genau auf deine Hochschule zugeschnitten sind 
 
 
                        Jetzt loslegen üöÄ 
 
                        Zu unseren Kursen üîé 
 
 
 
 
 
 
 
 
 
 
 
 
 
 
 
 Mit Studymaniac wird deine
                    n√§chste Klausur ein Kinderspielüéâ 
 All unsere
                    Kurse werden von ausgew√§hlten Expert:innen erstellt und sind darauf ausgerichtet dir Zeit beim
                    Verstehen der Themen zu sparen und dich ideal auf die Klausur vorzubereiten. 
 
 
 
 
 
 
 Schnell verstehen 
 Einfache Erkl√§rungen 
 Verstehe das komplizierte Thema aus der
                        zweist√ºndigen Vorlesung in wenigen Minuten anhand kurzer Videos und Skripten mit ausf√ºhrlichen
                        Beispielen 
 
 
 
 
 
 
 
 √úberall lernen 
 Digitale Karteikarten 
 Mit unserer Karteikarten-App macht selbst
                        Auswendiglernen von ""langweiligen"" Themen Spa√ü 
 
 
 
 
 
 
 
 perfekte vorbereitung 
 Interaktive Probeklausuren 
 Wie gut du schon vorbereitet bist, l√§sst
                        sich leicht mit unseren interaktiven Probeklausuren √ºberpr√ºfen 
 
 
 
 
 
 
 coming soon 
 
                Studium + Praxis =¬†ü§ùüèª 
 Durch uns kommst du schon
                w√§hrend des Studiums mit spannenden Unternehmen in Kontakt. Wir finden Unternehmen, die wirklich zu dir
                passen! 
 
 
 
 
 
 Wie bin ich
                    dabei? 
 
 
 
 
 
 
 1 
 
 
 Registrieren 
 Erstelle dir einen kostenlosen Account 
 
 
 
 
 2 
 
 
 Profil
                                    ausf√ºllen 
 F√ºlle kurz dein Profil aus, damit wir wissen wonach du suchst und wof√ºr du dich interessierst 
 
 
 
 
 
 3 
 
 
 Entspannen 
 Warte einfach auf deine Vorschl√§ge und mach dir keine Gedanken √ºber deine n√§chste Stelle 
 
 
 
 
 
 
 
 
 
 
 
 
 
 
 
 
 Starte heute 
 
 
 
 
 
 
 
 Schlie√ü
                    dich  2000+ ¬†gl√ºcklichen Studierenden an
                 
 
 Unser Ziel ist, dich bestm√∂glich im Studium zu unterst√ºtzen und gemeinsam mit dir die
                    intelligenteste Plattform f√ºr Studierende aufzubauen!
                 
 
 Jetzt
                    loslegen 
 
 
 
 
 
 
 Unsere nutzer 
 Eure
                    Meinung ist uns wichtig 
 
 
 
 
 
 ""Super Seite
                            und das Lernen geht jetzt viel schneller. Die 15‚Ç¨ haben sich definitiv gelohnt""
                         
 
 
 Laura 
 Studentin FH M√ºnster 
 
 
 
 
 
 
 
 
 ""Bin letztes
                            Jahr durch die Klausur gefallen und konnte durch die Seite viele Fehler beheben. Danke!""
                         
 
 
 Philipp 
 Student WWU M√ºnster 
 
 
 
 
 
 
 
 
 ""Eine klare
                            Empfehlung f√ºr alle, die die Pr√ºfung finanzwirtschaftliche BWL II bestehen wollen.""
                         
 
 
 Marie 
 Studentin FH M√ºnster 
 
 
 
 
 
 
 
 
 
 
 H√§ufige Fragen 
 
 
 
 
 Sind die Kurse extra f√ºr meine Uni erstellt? 
 
 
 
 
 
                        Ja! Die Kurse wurden von Expert:innen deiner Uni erstellt, die genau wissen, wie die Klausur
                        aufgebaut ist. Die Grundlage der Kurse sind Altklausuren, Tutorien und das Vorlesungsskript¬† 
 
 
 
 
 Von wem werden die Kurse erstellt? 
 
 
 
 
 
                        Die Kurse werden in der Regel von anderen Studierenden oder Tutoren erstellt. vereinzelt
                        kooperieren wir auch mit lokalen Nachhilfeschulen und Repetitorien 
 
 
 
 
 Was passiert, wenn ich die Klausur nicht bestehe? 
 
 
 
 
 
                        Schade, dass es nicht geklappt hast. Dein Zugang bleibt aber selbstverst√§ndlich bestehen, bis du
                        die Klausur bestanden hast. Schreib uns daf√ºr einfach eine Mail an info@studymaniac.de¬† 
 
 
 
 
 Kann ich einen Kurs auch noch kurz vor der Klausur buchen?¬† 
 
 
 
 
 
                        Klar, tats√§chlich kaufen eine Menge Studierende die Kurse erst in den letzten Wochen vor der
                        Klausur. Andere Studierende kaufen den Kurs direkt zum Start um w√§hrend des Semesters schon mit
                        Studymaniac lernen zu k√∂nnen¬† 
 
 
 
 
 Wie lange habe ich Zugriff auf meine Kurse ? 
 
 
 
 
 
                        Du hast grunds√§tzlich solange Zugriff auf deine Kurse, bis du die Klausuren bestanden hast. Nach
                        einem Semester verf√§llt der Zugang automatisch. Falls du eine Klausur nicht bestanden haben
                        solltest, melde dich gerne unter info@studymaniac.de 
 
 
 
 Mit welchen Zahlungsmethoden kann ich f√ºr die Kurse zahlen ? 
 
 
 
 
 
                        Bei uns kannst du mit Paypal, Kreditkarte, Klarna oder Lastschrift bezahlen 
 
 
 
 
 
 
 
 
 
 
 
 
 PRODUKT 
 
 
 
 
 F√ºr Unternehmen 
 
 
 
 
 
 BESTER JOB 
 
 
 
 
 Tutor/-in werden üöÄ 
 
 
 
 
 
 50‚Ç¨ verdienen üí∏ 
 
 
 
 
 
 SEI DABEI 
 
 
 
 
 Anmelden 
 
 
 
 
 
 Registrieren 
 
 
 
 
 
 RECHTLICHES 
 
 
 
 
 Impressum 
 
 
 
 
 
 Datenschutzerkl√§rung 
 
 
 
 
 
 
 
 
 ¬© 2022 Studymaniac 
 
 
 
                        info@studymaniac.de
                     
 
 
 
 
 
 Facebook 
 
 
 
 
 
 
 
 Instagram 
 
 
 
 
 
 
 
 LinkedIn 
 
 
 
 
 
 
 
 
 
 
 
 
 
",https://studymaniac.de,True
,,http://yaak.ai/,False
,,https://www.entyre.de/,False
,"
 
 
 
 
 
 
 
 
 
 
 
 
 Homepage - Numaferm 
 
 
 
 
 
 
 
 
 
 
 
 
 
 
 
 
 
 
 
 
 
 
 
 
 
 
 
 
 
 
 
 
 
 
 
 
 
 
 
 
 
 
 
 
 
 
 
 Unlock the power of peptides,  pepteins  and proteins   Don‚Äôt let cost stand in the way of innovation. Explore and harness the potential of affordable peptides, pepteins and proteins with our disruptive bioprocesses for discovery, optimization and production.   Power innovation   Contact us 
 
 
 
 
 
 
 
 
 
 
					Numaswitch				 
 
					The first biochemical production platform  for peptides, pepteins and proteins				 
 
 
 
 
 
 
 
 
 
 
 
 
 
 
 
 
 
 
 
 
 
 
 
 
 
 
 
 
 
 
 
 
 
 
 Numaferm is making the production of your targets attainable   Opening up a world of possibilities   At Numaferm we believe in the untapped potential of peptides, peptein and proteins as feedstock for better, safer and healthier products in life sciences and beyond. 
 
Cost of goods should not be a limiting factor in innovation. That‚Äôs why we‚Äôve pioneered an approach to discover, optimize and produce these targets affordably, sustainably and at scale. From discovery to commercial manufacturing - our mission is to support your ambition by adding value.   
 
 
 
 
 
 
 
 
 
 
 
 
 
 
 
 
 
 
 
 
 
                                    Innovation                                 
 
                                    Discover unique and superior lead candidates                                 
 
 
                                        Numascreen‚Ñ¢ phage display libraries are first in market high-diversity libraries with over 1 billion for peptides > 20 aa. Using Numascreen we discover and optimize your high-affinity binders with unique properties.                                     
 
 
 
 
 
 
                                    Cost-of-Goods                                 
 
                                    Produce high-quality peptides quickly, at scale and with reduced costs                                 
 
 
                                        Numatech‚Ñ¢ serves as a unique high-titer expression platform enabling material supply in a short timeframe, at needed scales, reduced costs and the highest qualities. Evolved by nature, discovered by leading scientists, optimized and applied by Numaferm.                                     
 
 
 
 
 
 
                                    Quality                                 
 
                                    Ensure success with the highest service standards                                 
 
 
                                        Numaferm is an ISO 9001:2015 certified company dedicated to quality and customer satisfaction. With a track record of over 200 successful peptide projects, Numaferm has become a trusted partner in the industry.                                     
 
 
 
 
 
 
                                    Sustainability                                 
 
                                    Sustainable production: ecological, economical, responsible                                 
 
 
                                        Sustainable and future-proof, Numatech reduces your carbon footprint and leaves out fine chemicals and organic solvents to meet higher safety standards.                                     
 
 
 
 
 
 
						How it works
					 
 
						Learn More
					 
 
 
 
 
 
 
 
 
 
 
					Our Services				 
 
					From Lead Discovery to Commercial Production.				 
 
 
 
 
 
 
 
 
 
 
 
 
   
 
 
 
 
 
 
 
 
   
 
									Lead Discovery service								 
 
 
								Numascreen‚Ñ¢							 
 
								Our lead discovery service uses proprietary Numascreen phage display libraries to identify innovative, high-affine, highly-specific peptides that bind to your target.							 
 
								Read more							 
 
 
 
 
 
 
 
 
 
 
 
 
 
 
   
 
 
 
 
 
 
 
 
   
 
									Cell Line & Process Development Programs								 
 
 
								Numatech‚Ñ¢							 
 
								We apply the Numatech expression platform to ensure the delivery of your target at scale, on time and at the highest quality possible.							 
 
								Read more							 
 
 
 
 
 
 
 
 
 
 
 
 
 
 
   
 
 
 
 
 
 
 
 
   
 
									Commercial/GMP supply								 
 
 
								Industry-grade processes and access to broad partner network							 
 
								The commercial and/or GMP production is realized by our established partner network of well-known CMO companies. Our production processes are industry-grade and ready to be transferred to production plants.							 
 
								Read more							 
 
 
 
 
 
 
 
 
 
 
						Learn more
					 
 
						View Services
					 
 
 
 
 
 
 
 
 
 
 
					Case studies				 
 
					Our lead discovery service identifies innovative, high-affine, highly-specific peptides against your target and makes use of proprietary Numascreen‚Ñ¢ phage display libraries.				 
 
 
 
 
 
 
 
 
 
 
 
 
 
   
 
									Pharma								 
 
 
								Teriparatide (PTH 1-34)							 
 
 
									Developed by Eli Lilly, Teriparatide has become an important treatment for osteoporosis (Forsteo¬Æ). We designed a unique production process, outperforming everything on the market to make this treatment accessible, affordable and safe for every patient worldwide. Similar processes are available for other peptide APIs like PTH (1-84) and Liraglutide.								 
 
 
 
 
 
 
 
 
 
 
 
 
 
 
 
 
   
 
									Agriculture								 
 
 
								Safe and eco-friendly pesticides							 
 
 
									Together with RWTH Aachen, we developed a bifunctional adhesive-antimicrobial peptide to be used as a pesticide for agricultural applications. This peptide is highly active, rain-resistant, safe and does not pollute soil or food, making it superior to available alternatives.								 
 
 
 
 
 
 
 
 
 
 
 
 
 
 
 
 
   
 
									Aquaculture								 
 
 
								Antimicrobial peptides as substitutes for antibiotics							 
 
 
									In cooperation with Tunatech GmbH, various AMPs (Œ≤-defensines, cathelicidins, hepcidines, histone-derivatives and piscidines) were developed for the treatment of fish. They are highly active and stable with no observed cytotoxicities, making them promising candidates for the treatment of aquaristic and aquaculture related diseases.								 
 
 
 
 
 
 
 
 
 
 
 
 
 
 
 
 
   
 
									SARS-CoV-2								 
 
 
								COVID-19 Nanobody							 
 
 
									As part of a global consortium, Numaferm is the manufacturing organization of an anti-Corona nanobody. Extracted from alpacas and developed by Dr. Fernandez and his team in Chile, the nanobody is highly effective in binding to the spike protein and under preclinical evaluation.								 
 
 
 
 
 
 
 
 
 
 
 
 
 
 
 
 
 
 
					Numaferm News
				 
 
 
 
 
 
 
 
 
 
 
 
 
   
 
 
 
 
 
 
 
 
   
 
									Biologics UK - London								 
 
 
 
									Dr. Christian Schwarz and Liv Kaser will be attending the Biologics UK conference in London. The conference will take place from 30. ‚Äì 31. March.Presenting [‚Ä¶]								 
 Read
									more 
 
 
 
 
 
 
 
 
 
 
   
 
 
 
 
 
 
 
 
   
 
									European Peptide Synthesis Conference								 
 
 
 
									Liv Kaser, Business Development Manager at Numaferm (r) and Teresa Harris, Head of Marketing (l), attended and exhibited at the European Peptide Synthesis Conference in [‚Ä¶]								 
 Read
									more 
 
 
 
 
 
 
 
 
 
 
   
 
 
 
 
 
 
 
 
   
 
									American Peptide Symposium - Whistler, Canada, 11 - 16th June, 2022								 
 
 
 
									We are looking forward to being present at the 27th American Peptide Symposium in Whistler, Canada from 11 ‚Äì 16th June, 2022. Please do not [‚Ä¶]								 
 Read
									more 
 
 
 
 
 
 
                        More News
                     
 
 
 
 
 
 
 
 
 
 
					Numaferm is trusted & supported by:				 
 
 
 
 
 
 
 
 
 
 
 
 
 
 
 
 
 
 
 
 
 
 
 
 
 
 
 
 
							Dr. Christian Schwarz						 
 
							CEO and Co-Founder Numaferm GmbH						 
 
							‚ÄúWe believe that in the near future peptides, pepteins and proteins will have found their way into new markets and become a well-known feedstock for better products in life sciences and beyond. Numaferm supports you in these developments ‚Äì from discovery to commercial production.‚Äù						 
 
 
 
 
						Learn how we can work together					 
 
						Contact us					 
 
 
 
 
 
 
 
 
 
 
 
 
 
 
 
 
 
 
                We use cookies to ensure that we give you the best experience on our website.  For more information read our                                  
                    Privacy policy                 
 
 
 
                    Accept                 
 
                    Reject                 
 
 
 
 
 
 
 
 
 
 
 
 
 
 
 
 
 
 
 
",http://numaferm.com/,True
,,http://www.ai-c.one,False
